"REGIONE";"PROVINCIA";"NUM_REFERENDUM";"QUESITO";"ELETTORI";"ELETTORI_MASCHI";"VOTANTI";"VOTANTI_MASCHI";"NUMVOTISI";"NUMVOTINO";"SKBIANCHE"
"SICILIA";"AGRIGENTO";"4";"Carriere dei magistrati";461342;227693;"91157";"48474";"54554";15347;"13564"
"SICILIA";"AGRIGENTO";"2";"Obiezione di coscienza";461342;227693;"91175";"48483";"51137";20630;"12189"
"SICILIA";"AGRIGENTO";"5";"Ordine dei giornalisti";461342;227693;"91100";"48437";"44240";24753;"14400"
"SICILIA";"AGRIGENTO";"6";"Incarichi extragiudiziari dei magistrati";461342;227693;"91181";"48491";"56844";13699;"13235"
"SICILIA";"AGRIGENTO";"7";"Ministero per le politiche agricole";461342;227693;"91085";"48423";"43367";26515;"13521"
"SICILIA";"AGRIGENTO";"3";"Caccia";461342;227693;"91124";"48448";"58401";16247;"9977"
"SICILIA";"AGRIGENTO";"1";"Privatizzazione";461342;227693;"91112";"48447";"50390";19178;"13391"
"PIEMONTE";"ALESSANDRIA";"2";"Obiezione di coscienza";380324;180414;"141825";"71766";"92236";34798;"10617"
"PIEMONTE";"ALESSANDRIA";"5";"Ordine dei giornalisti";380324;180414;"140934";"71331";"81611";39504;"14672"
"PIEMONTE";"ALESSANDRIA";"3";"Caccia";380324;180414;"141421";"71517";"104730";24862;"8084"
"PIEMONTE";"ALESSANDRIA";"7";"Ministero per le politiche agricole";380324;180414;"141163";"71445";"86914";37171;"12346"
"PIEMONTE";"ALESSANDRIA";"1";"Privatizzazione";380324;180414;"141351";"71564";"96223";27111;"13198"
"PIEMONTE";"ALESSANDRIA";"6";"Incarichi extragiudiziari dei magistrati";380324;180414;"141599";"71698";"108638";16212;"2"
"PIEMONTE";"ALESSANDRIA";"4";"Carriere dei magistrati";380324;180414;"141504";"71626";"106102";17666;"12922"
"MARCHE";"ANCONA";"7";"Ministero per le politiche agricole";383424;183086;"103649";"53561";"54441";34555;"10541"
"MARCHE";"ANCONA";"6";"Incarichi extragiudiziari dei magistrati";383424;183086;"103746";"53176";"79489";11900;"9277"
"MARCHE";"ANCONA";"5";"Ordine dei giornalisti";383424;183086;"102884";"52783";"55845";32326;"11497"
"MARCHE";"ANCONA";"4";"Carriere dei magistrati";383424;183086;"103371";"53056";"75585";14182;"10445"
"MARCHE";"ANCONA";"3";"Caccia";383424;183086;"103602";"53078";"76746";18223;"6224"
"MARCHE";"ANCONA";"1";"Privatizzazione";383424;183086;"103958";"53712";"62696";26524;"10662"
"MARCHE";"ANCONA";"2";"Obiezione di coscienza";383424;183086;"104099";"53391";"66597";27572;"7404"
"VALLE D'AOSTA";"AOSTA";"5";"Ordine dei giornalisti";101990;50017;"30893";"15947";"16979";8022;"3472"
"VALLE D'AOSTA";"AOSTA";"4";"Carriere dei magistrati";101990;50017;"31067";"16051";"22428";3280;"3007"
"VALLE D'AOSTA";"AOSTA";"1";"Privatizzazione";101990;50017;"30986";"16022";"19849";5585;"3120"
"VALLE D'AOSTA";"AOSTA";"3";"Caccia";101990;50017;"31153";"16075";"22658";4554;"1757"
"VALLE D'AOSTA";"AOSTA";"6";"Incarichi extragiudiziari dei magistrati";101990;50017;"31101";"16068";"23109";2872;"2774"
"VALLE D'AOSTA";"AOSTA";"7";"Ministero per le politiche agricole";101990;50017;"30993";"16007";"19012";6792;"2824"
"VALLE D'AOSTA";"AOSTA";"2";"Obiezione di coscienza";101990;50017;"31220";"16112";"20523";6182;"2260"
"TOSCANA";"AREZZO";"1";"Privatizzazione";270598;130463;"59989";"30808";"38252";14257;"5861"
"TOSCANA";"AREZZO";"2";"Obiezione di coscienza";270598;130463;"60587";"31128";"39159";15890;"4193"
"TOSCANA";"AREZZO";"3";"Caccia";270598;130463;"59438";"30395";"40914";13435;"3743"
"TOSCANA";"AREZZO";"4";"Carriere dei magistrati";270598;130463;"60150";"30927";"45718";7314;"5434"
"TOSCANA";"AREZZO";"5";"Ordine dei giornalisti";270598;130463;"59782";"30696";"34299";17349;"6501"
"TOSCANA";"AREZZO";"6";"Incarichi extragiudiziari dei magistrati";270598;130463;"60279";"31009";"47529";6303;"4982"
"TOSCANA";"AREZZO";"7";"Ministero per le politiche agricole";270598;130463;"59670";"30613";"33117";19023;"5874"
"MARCHE";"ASCOLI PICENO";"4";"Carriere dei magistrati";312286;150855;"93727";"47835";"65755";13372;"10314"
"MARCHE";"ASCOLI PICENO";"5";"Ordine dei giornalisti";312286;150855;"93449";"47657";"51299";26612;"10382"
"MARCHE";"ASCOLI PICENO";"1";"Privatizzazione";312286;150855;"93643";"47771";"58127";20421;"11293"
"MARCHE";"ASCOLI PICENO";"3";"Caccia";312286;150855;"93497";"47653";"65282";17855;"6490"
"MARCHE";"ASCOLI PICENO";"7";"Ministero per le politiche agricole";312286;150855;"93340";"47586";"50516";28198;"10019"
"MARCHE";"ASCOLI PICENO";"6";"Incarichi extragiudiziari dei magistrati";312286;150855;"93811";"47889";"68369";11815;"9373"
"MARCHE";"ASCOLI PICENO";"2";"Obiezione di coscienza";312286;150855;"93873";"47901";"57306";24782;"8328"
"PIEMONTE";"ASTI";"1";"Privatizzazione";181294;86852;"61946";"31799";"41042";11716;"6532"
"PIEMONTE";"ASTI";"2";"Obiezione di coscienza";181294;86852;"62191";"31925";"40107";14811;"5158"
"PIEMONTE";"ASTI";"7";"Ministero per le politiche agricole";181294;86852;"61863";"31766";"37439";16271;"5818"
"PIEMONTE";"ASTI";"6";"Incarichi extragiudiziari dei magistrati";181294;86852;"61987";"31825";"46098";7369;"6156"
"PIEMONTE";"ASTI";"5";"Ordine dei giornalisti";181294;86852;"61751";"31688";"35202";16687;"7281"
"PIEMONTE";"ASTI";"4";"Carriere dei magistrati";181294;86852;"61924";"31792";"44782";8065;"6520"
"PIEMONTE";"ASTI";"3";"Caccia";181294;86852;"62124";"31887";"46109";10457;"3633"
"CAMPANIA";"AVELLINO";"1";"Privatizzazione";408912;200547;"84435";"45073";"50302";20088;"10811"
"CAMPANIA";"AVELLINO";"3";"Caccia";408912;200547;"84580";"45169";"60263";14356;"7321"
"CAMPANIA";"AVELLINO";"4";"Carriere dei magistrati";408912;200547;"84577";"45166";"57750";13449;"10402"
"CAMPANIA";"AVELLINO";"6";"Incarichi extragiudiziari dei magistrati";408912;200547;"84659";"45223";"59897";11942;"9886"
"CAMPANIA";"AVELLINO";"2";"Obiezione di coscienza";408912;200547;"84540";"45106";"52211";19835;"9204"
"CAMPANIA";"AVELLINO";"7";"Ministero per le politiche agricole";408912;200547;"84444";"45024";"43840";26935;"10480"
"CAMPANIA";"AVELLINO";"5";"Ordine dei giornalisti";408912;200547;"84437";"45079";"46192";23988;"11180"
"PUGLIA";"BARI";"3";"Caccia";1294965;629745;"351274";"185666";"264607";54814;"20281"
"PUGLIA";"BARI";"2";"Obiezione di coscienza";1294965;629745;"351148";"185575";"219661";91287;"27428"
"PUGLIA";"BARI";"5";"Ordine dei giornalisti";1294965;629745;"349879";"184857";"187082";111631;"36698"
"PUGLIA";"BARI";"6";"Incarichi extragiudiziari dei magistrati";1294965;629745;"350547";"185279";"252816";51540;"32488"
"PUGLIA";"BARI";"7";"Ministero per le politiche agricole";1294965;629745;"350020";"185219";"185275";116976;"33480"
"PUGLIA";"BARI";"1";"Privatizzazione";1294965;629745;"350132";"185019";"216818";84775;"33346"
"PUGLIA";"BARI";"4";"Carriere dei magistrati";1294965;629745;"350225";"185104";"241647";60010;"34225"
"VENETO";"BELLUNO";"4";"Carriere dei magistrati";197933;94258;"56297";"28739";"45191";5806;"3979"
"VENETO";"BELLUNO";"7";"Ministero per le politiche agricole";197933;94258;"56080";"28613";"38097";12890;"3831"
"VENETO";"BELLUNO";"5";"Ordine dei giornalisti";197933;94258;"55987";"28557";"34019";15486;"5036"
"VENETO";"BELLUNO";"3";"Caccia";197933;94258;"56420";"28733";"43880";9472;"2133"
"VENETO";"BELLUNO";"2";"Obiezione di coscienza";197933;94258;"56554";"28837";"38007";14228;"2957"
"VENETO";"BELLUNO";"1";"Privatizzazione";197933;94258;"56186";"28684";"40230";10425;"4203"
"VENETO";"BELLUNO";"6";"Incarichi extragiudiziari dei magistrati";197933;94258;"56366";"28776";"46189";5424;"3508"
"CAMPANIA";"BENEVENTO";"1";"Privatizzazione";269306;130924;"59046";"31031";"33855";13559;"8734"
"CAMPANIA";"BENEVENTO";"2";"Obiezione di coscienza";269306;130924;"59768";"31426";"34940";14524;"7764"
"CAMPANIA";"BENEVENTO";"3";"Caccia";269306;130924;"59833";"31393";"41517";10071;"5864"
"CAMPANIA";"BENEVENTO";"4";"Carriere dei magistrati";269306;130924;"59691";"31377";"38858";9631;"8442"
"CAMPANIA";"BENEVENTO";"5";"Ordine dei giornalisti";269306;130924;"59476";"31178";"30440";17416;"8801"
"CAMPANIA";"BENEVENTO";"6";"Incarichi extragiudiziari dei magistrati";269306;130924;"59636";"31312";"37232";11457;"822"
"CAMPANIA";"BENEVENTO";"7";"Ministero per le politiche agricole";269306;130924;"59571";"31283";"32507";16542;"7853"
"LOMBARDIA";"BERGAMO";"6";"Incarichi extragiudiziari dei magistrati";784264;379680;"292794";"143910";"226233";36616;"22579"
"LOMBARDIA";"BERGAMO";"1";"Privatizzazione";784264;379680;"292635";"143813";"202429";58546;"24084"
"LOMBARDIA";"BERGAMO";"3";"Caccia";784264;379680;"291774";"143097";"205490";62513;"17200"
"LOMBARDIA";"BERGAMO";"5";"Ordine dei giornalisti";784264;379680;"291285";"143015";"168398";86952;"27578"
"LOMBARDIA";"BERGAMO";"7";"Ministero per le politiche agricole";784264;379680;"291650";"143239";"189955";68914;"24697"
"LOMBARDIA";"BERGAMO";"4";"Carriere dei magistrati";784264;379680;"292666";"143828";"221346";39323;"24241"
"LOMBARDIA";"BERGAMO";"2";"Obiezione di coscienza";784264;379680;"293619";"144257";"193884";74712;"18260"
"EMILIA-ROMAGNA";"BOLOGNA";"5";"Ordine dei giornalisti";792963;376335;"229517";"115499";"130108";71746;"21915"
"EMILIA-ROMAGNA";"BOLOGNA";"6";"Incarichi extragiudiziari dei magistrati";792963;376335;"231354";"116564";"182703";26309;"17302"
"EMILIA-ROMAGNA";"BOLOGNA";"4";"Carriere dei magistrati";792963;376335;"230781";"116234";"175949";29811;"19485"
"EMILIA-ROMAGNA";"BOLOGNA";"3";"Caccia";792963;376335;"232816";"117050";"182210";36400;"10224"
"EMILIA-ROMAGNA";"BOLOGNA";"2";"Obiezione di coscienza";792963;376335;"233178";"117348";"158633";57389;"12936"
"EMILIA-ROMAGNA";"BOLOGNA";"1";"Privatizzazione";792963;376335;"230778";"116202";"148846";56891;"19421"
"EMILIA-ROMAGNA";"BOLOGNA";"7";"Ministero per le politiche agricole";792963;376335;"229587";"115483";"133397";70710;"19937"
"TRENTINO A.A.";"BOLZANO";"1";"Privatizzazione";369895;180242;"110064";"54931";"66576";23260;"17852"
"TRENTINO A.A.";"BOLZANO";"2";"Obiezione di coscienza";369895;180242;"110568";"55151";"74937";22613;"11080"
"TRENTINO A.A.";"BOLZANO";"3";"Caccia";369895;180242;"110382";"55054";"72682";22296;"13425"
"TRENTINO A.A.";"BOLZANO";"4";"Carriere dei magistrati";369895;180242;"110234";"55002";"78788";13380;"15828"
"TRENTINO A.A.";"BOLZANO";"5";"Ordine dei giornalisti";369895;180242;"109939";"54843";"58244";28585;"20656"
"TRENTINO A.A.";"BOLZANO";"6";"Incarichi extragiudiziari dei magistrati";369895;180242;"110302";"55081";"79763";13325;"15184"
"TRENTINO A.A.";"BOLZANO";"7";"Ministero per le politiche agricole";369895;180242;"111068";"54795";"64833";25587;"17118"
"LOMBARDIA";"BRESCIA";"6";"Incarichi extragiudiziari dei magistrati";887484;426473;"238315";"118548";"187325";27866;"17560"
"LOMBARDIA";"BRESCIA";"5";"Ordine dei giornalisti";887484;426473;"236217";"117359";"140279";67393;"22450"
"LOMBARDIA";"BRESCIA";"4";"Carriere dei magistrati";887484;426473;"237954";"118333";"182494";30528;"19061"
"LOMBARDIA";"BRESCIA";"3";"Caccia";887484;426473;"233237";"115369";"153542";60588;"14178"
"LOMBARDIA";"BRESCIA";"2";"Obiezione di coscienza";887484;426473;"238657";"118602";"157115";61718;"14838"
"LOMBARDIA";"BRESCIA";"1";"Privatizzazione";887484;426473;"237695";"118186";"165123";47301;"19262"
"LOMBARDIA";"BRESCIA";"7";"Ministero per le politiche agricole";887484;426473;"236487";"117470";"152319";58195;"20013"
"PUGLIA";"BRINDISI";"6";"Incarichi extragiudiziari dei magistrati";339404;162811;"83350";"42887";"56130";12478;"11282"
"PUGLIA";"BRINDISI";"7";"Ministero per le politiche agricole";339404;162811;"83210";"42802";"42535";26098;"11106"
"PUGLIA";"BRINDISI";"5";"Ordine dei giornalisti";339404;162811;"83205";"42801";"42996";24288;"12365"
"PUGLIA";"BRINDISI";"4";"Carriere dei magistrati";339404;162811;"83313";"42868";"54150";13973;"11614"
"PUGLIA";"BRINDISI";"3";"Caccia";339404;162811;"83321";"42841";"59228";14070;"7216"
"PUGLIA";"BRINDISI";"2";"Obiezione di coscienza";339404;162811;"83406";"42909";"49237";21038;"9864"
"PUGLIA";"BRINDISI";"1";"Privatizzazione";339404;162811;"83439";"42934";"48860";19112;"11498"
"SARDEGNA";"CAGLIARI";"7";"Ministero per le politiche agricole";645085;314983;"163988";"81297";"94945";49423;"13531"
"SARDEGNA";"CAGLIARI";"6";"Incarichi extragiudiziari dei magistrati";645085;314983;"164714";"81715";"127748";19899;"11563"
"SARDEGNA";"CAGLIARI";"5";"Ordine dei giornalisti";645085;314983;"164013";"81351";"91629";52234;"14218"
"SARDEGNA";"CAGLIARI";"4";"Carriere dei magistrati";645085;314983;"164552";"81659";"122327";23679;"12749"
"SARDEGNA";"CAGLIARI";"3";"Caccia";645085;314983;"164490";"81506";"123474";29530;"7147"
"SARDEGNA";"CAGLIARI";"2";"Obiezione di coscienza";645085;314983;"164947";"81833";"108922";41059;"10113"
"SARDEGNA";"CAGLIARI";"1";"Privatizzazione";645085;314983;"164320";"81532";"107280";37545;"13357"
"SICILIA";"CALTANISSETTA";"5";"Ordine dei giornalisti";275364;134866;"66427";"34404";"32388";19112;"9903"
"SICILIA";"CALTANISSETTA";"1";"Privatizzazione";275364;134866;"66446";"34415";"36995";14857;"9181"
"SICILIA";"CALTANISSETTA";"2";"Obiezione di coscienza";275364;134866;"66474";"34429";"37240";16155;"8381"
"SICILIA";"CALTANISSETTA";"3";"Caccia";275364;134866;"66472";"34428";"42313";12599;"7139"
"SICILIA";"CALTANISSETTA";"4";"Carriere dei magistrati";275364;134866;"66497";"34447";"40442";11766;"9312"
"SICILIA";"CALTANISSETTA";"6";"Incarichi extragiudiziari dei magistrati";275364;134866;"66500";"34451";"41900";10500;"9281"
"SICILIA";"CALTANISSETTA";"7";"Ministero per le politiche agricole";275364;134866;"66409";"34393";"32816";19284;"9392"
"MOLISE";"CAMPOBASSO";"7";"Ministero per le politiche agricole";230040;112603;"58105";"30284";"29710";18395;"7531"
"MOLISE";"CAMPOBASSO";"1";"Privatizzazione";230040;112603;"57844";"30188";"32899";13479;"8469"
"MOLISE";"CAMPOBASSO";"2";"Obiezione di coscienza";230040;112603;"57928";"30202";"34001";14305;"7059"
"MOLISE";"CAMPOBASSO";"3";"Caccia";230040;112603;"58029";"30295";"40398";9806;"5535"
"MOLISE";"CAMPOBASSO";"4";"Carriere dei magistrati";230040;112603;"57942";"30258";"37271";9453;"8430"
"MOLISE";"CAMPOBASSO";"6";"Incarichi extragiudiziari dei magistrati";230040;112603;"57988";"30266";"38816";8466;"7930"
"MOLISE";"CAMPOBASSO";"5";"Ordine dei giornalisti";230040;112603;"57775";"30118";"30181";15967;"8829"
"CAMPANIA";"CASERTA";"1";"Privatizzazione";677942;328221;"154699";"81317";"89238";38031;"20618"
"CAMPANIA";"CASERTA";"2";"Obiezione di coscienza";677942;328221;"154910";"81442";"91416";39128;"18715"
"CAMPANIA";"CASERTA";"3";"Caccia";677942;328221;"154886";"81413";"107172";27387;"14886"
"CAMPANIA";"CASERTA";"4";"Carriere dei magistrati";677942;328221;"154840";"81396";"100236";27491;"21056"
"CAMPANIA";"CASERTA";"5";"Ordine dei giornalisti";677942;328221;"154606";"81221";"80263";46287;"21850"
"CAMPANIA";"CASERTA";"6";"Incarichi extragiudiziari dei magistrati";677942;328221;"154888";"81427";"104396";23946;"20565"
"CAMPANIA";"CASERTA";"7";"Ministero per le politiche agricole";677942;328221;"154623";"81250";"77977";49111;"21167"
"SICILIA";"CATANIA";"7";"Ministero per le politiche agricole";892106;430290;"279662";"143453";"151244";79565;"28410"
"SICILIA";"CATANIA";"2";"Obiezione di coscienza";892106;430290;"280263";"143797";"168236";68819;"24439"
"SICILIA";"CATANIA";"4";"Carriere dei magistrati";892106;430290;"280001";"143664";"183669";47731;"28114"
"SICILIA";"CATANIA";"5";"Ordine dei giornalisti";892106;430290;"279738";"143495";"145161";84863;"29400"
"SICILIA";"CATANIA";"6";"Incarichi extragiudiziari dei magistrati";892106;430290;"280105";"143734";"190200";42827;"27211"
"SICILIA";"CATANIA";"1";"Privatizzazione";892106;430290;"279914";"143614";"169244";60958;"28410"
"SICILIA";"CATANIA";"3";"Caccia";892106;430290;"280204";"143719";"196083";46662;"20159"
"CALABRIA";"CATANZARO";"7";"Ministero per le politiche agricole";332986;162504;"73310";"39373";"37700";21593;"10086"
"CALABRIA";"CATANZARO";"5";"Ordine dei giornalisti";332986;162504;"73348";"39389";"39813";18998;"10504"
"CALABRIA";"CATANZARO";"1";"Privatizzazione";332986;162504;"73383";"39406";"42469";16402;"10307"
"CALABRIA";"CATANZARO";"4";"Carriere dei magistrati";332986;162504;"73494";"39499";"48664";10870;"10026"
"CALABRIA";"CATANZARO";"6";"Incarichi extragiudiziari dei magistrati";332986;162504;"73526";"39525";"50487";9610;"9636"
"CALABRIA";"CATANZARO";"2";"Obiezione di coscienza";332986;162504;"73577";"39539";"44761";16471;"8772"
"CALABRIA";"CATANZARO";"3";"Caccia";332986;162504;"73560";"39522";"51778";11692;"6905"
"ABRUZZO";"CHIETI";"7";"Ministero per le politiche agricole";363737;177339;"112946";"58200";"59325";35638;"12293"
"ABRUZZO";"CHIETI";"6";"Incarichi extragiudiziari dei magistrati";363737;177339;"113435";"58480";"80030";15334;"12182"
"ABRUZZO";"CHIETI";"5";"Ordine dei giornalisti";363737;177339;"113176";"58320";"61441";31491;"13858"
"ABRUZZO";"CHIETI";"4";"Carriere dei magistrati";363737;177339;"113345";"58429";"77192";17171;"13203"
"ABRUZZO";"CHIETI";"3";"Caccia";363737;177339;"113498";"58443";"81155";18712;"8831"
"ABRUZZO";"CHIETI";"2";"Obiezione di coscienza";363737;177339;"113567";"58521";"68189";28756;"11393"
"ABRUZZO";"CHIETI";"1";"Privatizzazione";363737;177339;"112871";"58158";"67672";25567;"13672"
"LOMBARDIA";"COMO";"1";"Privatizzazione";451669;216402;"174978";"86732";"126867";30639;"11705"
"LOMBARDIA";"COMO";"7";"Ministero per le politiche agricole";451669;216402;"173049";"85737";"116606";40048;"12091"
"LOMBARDIA";"COMO";"6";"Incarichi extragiudiziari dei magistrati";451669;216402;"173839";"86189";"138876";20119;"10854"
"LOMBARDIA";"COMO";"5";"Ordine dei giornalisti";451669;216402;"172810";"85571";"103826";50642;"13737"
"LOMBARDIA";"COMO";"4";"Carriere dei magistrati";451669;216402;"174985";"86905";"136403";21561;"11380"
"LOMBARDIA";"COMO";"2";"Obiezione di coscienza";451669;216402;"175622";"87028";"118201";43833;"8755"
"LOMBARDIA";"COMO";"3";"Caccia";451669;216402;"174973";"86607";"132283";30409;"7755"
"CALABRIA";"COSENZA";"1";"Privatizzazione";644882;316872;"145629";"77959";"82640";32266;"21433"
"CALABRIA";"COSENZA";"6";"Incarichi extragiudiziari dei magistrati";644882;316872;"145812";"78061";"96587";20287;"20208"
"CALABRIA";"COSENZA";"7";"Ministero per le politiche agricole";644882;316872;"145440";"77824";"73991";41561;"21047"
"CALABRIA";"COSENZA";"4";"Carriere dei magistrati";644882;316872;"145744";"78032";"93206";22217;"21159"
"CALABRIA";"COSENZA";"3";"Caccia";644882;316872;"145777";"78020";"100360";23021;"14949"
"CALABRIA";"COSENZA";"2";"Obiezione di coscienza";644882;316872;"145918";"78120";"87650";31339;"18618"
"CALABRIA";"COSENZA";"5";"Ordine dei giornalisti";644882;316872;"145610";"77938";"77683";37015;"21990"
"LOMBARDIA";"CREMONA";"7";"Ministero per le politiche agricole";281539;134247;"109275";"54174";"67928";26943;"10897"
"LOMBARDIA";"CREMONA";"6";"Incarichi extragiudiziari dei magistrati";281539;134247;"109786";"54493";"83205";12888;"10358"
"LOMBARDIA";"CREMONA";"5";"Ordine dei giornalisti";281539;134247;"109009";"54046";"61938";30883;"12540"
"LOMBARDIA";"CREMONA";"4";"Carriere dei magistrati";281539;134247;"109681";"54429";"81071";14181;"10987"
"LOMBARDIA";"CREMONA";"3";"Caccia";281539;134247;"109359";"54143";"75363";22932;"8068"
"LOMBARDIA";"CREMONA";"2";"Obiezione di coscienza";281539;134247;"110018";"54520";"71098";27219;"8689"
"LOMBARDIA";"CREMONA";"1";"Privatizzazione";281539;134247;"109567";"54360";"73933";20835;"11228"
"PIEMONTE";"CUNEO";"1";"Privatizzazione";465964;226687;"162745";"83668";"104835";30925;"19618"
"PIEMONTE";"CUNEO";"7";"Ministero per le politiche agricole";465964;226687;"162566";"83571";"98140";40079;"17770"
"PIEMONTE";"CUNEO";"6";"Incarichi extragiudiziari dei magistrati";465964;226687;"163114";"83836";"119738";18446;"18178"
"PIEMONTE";"CUNEO";"5";"Ordine dei giornalisti";465964;226687;"162460";"83490";"89927";43488;"21786"
"PIEMONTE";"CUNEO";"4";"Carriere dei magistrati";465964;226687;"162908";"83751";"115973";20335;"19443"
"PIEMONTE";"CUNEO";"3";"Caccia";465964;226687;"163373";"83906";"119373";27643;"11163"
"PIEMONTE";"CUNEO";"2";"Obiezione di coscienza";465964;226687;"163611";"84063";"104748";38509;"14603"
"SICILIA";"ENNA";"5";"Ordine dei giornalisti";188189;92380;"48545";"25352";"23184";13213;"7745"
"SICILIA";"ENNA";"4";"Carriere dei magistrati";188189;92380;"48599";"25385";"28992";8085;"7235"
"SICILIA";"ENNA";"3";"Caccia";188189;92380;"48638";"25401";"31305";8659;"5010"
"SICILIA";"ENNA";"2";"Obiezione di coscienza";188189;92380;"48638";"25408";"26484";11617;"6424"
"SICILIA";"ENNA";"1";"Privatizzazione";188189;92380;"48568";"25361";"26185";10577;"7164"
"SICILIA";"ENNA";"6";"Incarichi extragiudiziari dei magistrati";188189;92380;"48624";"25403";"29745";7489;"7098"
"SICILIA";"ENNA";"7";"Ministero per le politiche agricole";188189;92380;"48543";"25340";"23285";13723;"7172"
"EMILIA-ROMAGNA";"FERRARA";"6";"Incarichi extragiudiziari dei magistrati";314652;148895;"116278";"57996";"87496";13879;"11700"
"EMILIA-ROMAGNA";"FERRARA";"5";"Ordine dei giornalisti";314652;148895;"115828";"57745";"65744";33042;"13536"
"EMILIA-ROMAGNA";"FERRARA";"4";"Carriere dei magistrati";314652;148895;"116148";"57934";"85326";14962;"12434"
"EMILIA-ROMAGNA";"FERRARA";"3";"Caccia";314652;148895;"116661";"58161";"87455";18800;"7652"
"EMILIA-ROMAGNA";"FERRARA";"2";"Obiezione di coscienza";314652;148895;"116728";"58199";"76703";27786;"9309"
"EMILIA-ROMAGNA";"FERRARA";"7";"Ministero per le politiche agricole";314652;148895;"115916";"57805";"67937";32909;"11700"
"EMILIA-ROMAGNA";"FERRARA";"1";"Privatizzazione";314652;148895;"116201";"57930";"75978";24536;"12160"
"TOSCANA";"FIRENZE";"1";"Privatizzazione";811727;385322;"202038";"101750";"120196";58088;"17491"
"TOSCANA";"FIRENZE";"2";"Obiezione di coscienza";811727;385322;"205904";"103618";"136350";54379;"10724"
"TOSCANA";"FIRENZE";"3";"Caccia";811727;385322;"203126";"101955";"148054";41077;"9610"
"TOSCANA";"FIRENZE";"4";"Carriere dei magistrati";811727;385322;"201917";"101706";"150787";27850;"17189"
"TOSCANA";"FIRENZE";"5";"Ordine dei giornalisti";811727;385322;"200676";"101017";"111444";64092;"18964"
"TOSCANA";"FIRENZE";"6";"Incarichi extragiudiziari dei magistrati";811727;385322;"202713";"102176";"159210";23422;"14542"
"TOSCANA";"FIRENZE";"7";"Ministero per le politiche agricole";811727;385322;"200051";"100635";"107444";68135;"18292"
"PUGLIA";"FOGGIA";"7";"Ministero per le politiche agricole";578377;281716;"136735";"72398";"67800";46880;"15439"
"PUGLIA";"FOGGIA";"6";"Incarichi extragiudiziari dei magistrati";578377;281716;"136971";"72555";"94757";20474;"15456"
"PUGLIA";"FOGGIA";"4";"Carriere dei magistrati";578377;281716;"136889";"72515";"90888";23500;"15883"
"PUGLIA";"FOGGIA";"3";"Caccia";578377;281716;"137062";"72607";"98481";22788;"10289"
"PUGLIA";"FOGGIA";"5";"Ordine dei giornalisti";578377;281716;"136525";"72291";"71417";41461;"17020"
"PUGLIA";"FOGGIA";"2";"Obiezione di coscienza";578377;281716;"137005";"72583";"81851";35789;"13260"
"PUGLIA";"FOGGIA";"1";"Privatizzazione";578377;281716;"136767";"72393";"81827";32328;"15531"
"EMILIA-ROMAGNA";"FORLI'-CESENA";"2";"Obiezione di coscienza";305135;146654;"85139";"43273";"57726";20815;"4357"
"EMILIA-ROMAGNA";"FORLI'-CESENA";"6";"Incarichi extragiudiziari dei magistrati";305135;146654;"84794";"43104";"66878";9585;"5710"
"EMILIA-ROMAGNA";"FORLI'-CESENA";"5";"Ordine dei giornalisti";305135;146654;"84312";"42835";"48324";25823;"7214"
"EMILIA-ROMAGNA";"FORLI'-CESENA";"3";"Caccia";305135;146654;"84650";"42934";"63659";15044;"3834"
"EMILIA-ROMAGNA";"FORLI'-CESENA";"7";"Ministero per le politiche agricole";305135;146654;"84309";"42800";"50072";25151;"6335"
"EMILIA-ROMAGNA";"FORLI'-CESENA";"1";"Privatizzazione";305135;146654;"84592";"42984";"56319";18961;"6421"
"EMILIA-ROMAGNA";"FORLI'-CESENA";"4";"Carriere dei magistrati";305135;146654;"84690";"43055";"65064";10583;"6201"
"LAZIO";"FROSINONE";"4";"Carriere dei magistrati";439356;214634;"122692";"64355";"79556";20151;"16903"
"LAZIO";"FROSINONE";"3";"Caccia";439356;214634;"122622";"64283";"82162";23462;"12024"
"LAZIO";"FROSINONE";"1";"Privatizzazione";439356;214634;"122369";"64166";"70773";28526;"16275"
"LAZIO";"FROSINONE";"6";"Incarichi extragiudiziari dei magistrati";439356;214634;"122717";"64359";"82263";18238;"16193"
"LAZIO";"FROSINONE";"5";"Ordine dei giornalisti";439356;214634;"122491";"64217";"64303";34411;"17702"
"LAZIO";"FROSINONE";"7";"Ministero per le politiche agricole";439356;214634;"122413";"64176";"59830";35662;"15686"
"LAZIO";"FROSINONE";"2";"Obiezione di coscienza";439356;214634;"122776";"64370";"70761";31416;"14955"
"LIGURIA";"GENOVA";"7";"Ministero per le politiche agricole";818584;382894;"251626";"124910";"149532";74492;"18910"
"LIGURIA";"GENOVA";"6";"Incarichi extragiudiziari dei magistrati";818584;382894;"253452";"125989";"201147";29020;"15617"
"LIGURIA";"GENOVA";"5";"Ordine dei giornalisti";818584;382894;"251335";"124839";"144713";77784;"20153"
"LIGURIA";"GENOVA";"4";"Carriere dei magistrati";818584;382894;"252881";"125677";"192057";34722;"17654"
"LIGURIA";"GENOVA";"3";"Caccia";818584;382894;"253187";"125604";"191553";44506;"10762"
"LIGURIA";"GENOVA";"2";"Obiezione di coscienza";818584;382894;"254323";"126362";"168383";66312;"12886"
"LIGURIA";"GENOVA";"1";"Privatizzazione";818584;382894;"252830";"125639";"162700";64070;"17445"
"FRIULI VENEZIA G.";"GORIZIA";"5";"Ordine dei giornalisti";123601;58464;"45388";"22254";"26965";13118;"4134"
"FRIULI VENEZIA G.";"GORIZIA";"6";"Incarichi extragiudiziari dei magistrati";123601;58464;"45704";"22425";"36834";4620;"3184"
"FRIULI VENEZIA G.";"GORIZIA";"7";"Ministero per le politiche agricole";123601;58464;"45452";"22276";"29206";11393;"3744"
"FRIULI VENEZIA G.";"GORIZIA";"3";"Caccia";123601;58464;"46069";"22592";"36843";6477;"1942"
"FRIULI VENEZIA G.";"GORIZIA";"2";"Obiezione di coscienza";123601;58464;"45969";"22547";"30641";11713;"2695"
"FRIULI VENEZIA G.";"GORIZIA";"1";"Privatizzazione";123601;58464;"45600";"22372";"31341";9552;"3488"
"FRIULI VENEZIA G.";"GORIZIA";"4";"Carriere dei magistrati";123601;58464;"45643";"22398";"35857";5089;"3564"
"TOSCANA";"GROSSETO";"4";"Carriere dei magistrati";187664;89749;"46451";"23459";"35379";5518;"4011"
"TOSCANA";"GROSSETO";"5";"Ordine dei giornalisti";187664;89749;"46044";"23255";"27007";12714;"4764"
"TOSCANA";"GROSSETO";"7";"Ministero per le politiche agricole";187664;89749;"46075";"23278";"25886";14710;"4006"
"TOSCANA";"GROSSETO";"2";"Obiezione di coscienza";187664;89749;"46777";"23610";"29961";12286;"3255"
"TOSCANA";"GROSSETO";"1";"Privatizzazione";187664;89749;"46303";"23364";"29770";10619;"4365"
"TOSCANA";"GROSSETO";"6";"Incarichi extragiudiziari dei magistrati";187664;89749;"46531";"23505";"36686";4779;"3624"
"TOSCANA";"GROSSETO";"3";"Caccia";187664;89749;"45752";"23094";"31881";10121;"2569"
"LIGURIA";"IMPERIA";"7";"Ministero per le politiche agricole";191467;90576;"61387";"29837";"39303";14834;"5005"
"LIGURIA";"IMPERIA";"1";"Privatizzazione";191467;90576;"61499";"29894";"43575";10869;"4776"
"LIGURIA";"IMPERIA";"2";"Obiezione di coscienza";191467;90576;"61733";"30012";"42053";13973;"3755"
"LIGURIA";"IMPERIA";"3";"Caccia";191467;90576;"61559";"29914";"48464";8796;"2651"
"LIGURIA";"IMPERIA";"4";"Carriere dei magistrati";191467;90576;"61520";"29937";"47773";6903;"4574"
"LIGURIA";"IMPERIA";"5";"Ordine dei giornalisti";191467;90576;"61322";"29825";"37696";15923;"5358"
"LIGURIA";"IMPERIA";"6";"Incarichi extragiudiziari dei magistrati";191467;90576;"61611";"29993";"49333";6023;"4175"
"ABRUZZO";"L'AQUILA";"5";"Ordine dei giornalisti";282212;137070;"80738";"41421";"45988";22139;"9383"
"ABRUZZO";"L'AQUILA";"1";"Privatizzazione";282212;137070;"80853";"41493";"50131";18512;"8917"
"ABRUZZO";"L'AQUILA";"2";"Obiezione di coscienza";282212;137070;"81146";"41645";"50382";20710;"7199"
"ABRUZZO";"L'AQUILA";"3";"Caccia";282212;137070;"81011";"41544";"54873";12697;"5596"
"ABRUZZO";"L'AQUILA";"4";"Carriere dei magistrati";282212;137070;"81006";"41581";"57770";11528;"8535"
"ABRUZZO";"L'AQUILA";"6";"Incarichi extragiudiziari dei magistrati";282212;137070;"81110";"41634";"59636";10350;"8009"
"ABRUZZO";"L'AQUILA";"7";"Ministero per le politiche agricole";282212;137070;"80669";"41366";"43424";25733;"8343"
"LIGURIA";"LA SPEZIA";"5";"Ordine dei giornalisti";200247;94788;"58257";"29828";"34513";16663;"5136"
"LIGURIA";"LA SPEZIA";"2";"Obiezione di coscienza";200247;94788;"58877";"30145";"38420";15700;"3243"
"LIGURIA";"LA SPEZIA";"3";"Caccia";200247;94788;"58590";"29944";"45121";9539;"2542"
"LIGURIA";"LA SPEZIA";"1";"Privatizzazione";200247;94788;"58490";"29941";"37772";14248;"4552"
"LIGURIA";"LA SPEZIA";"6";"Incarichi extragiudiziari dei magistrati";200247;94788;"58655";"30063";"47111";6080;"3792"
"LIGURIA";"LA SPEZIA";"4";"Carriere dei magistrati";200247;94788;"58541";"30002";"45238";7143;"4328"
"LIGURIA";"LA SPEZIA";"7";"Ministero per le politiche agricole";200247;94788;"58233";"29797";"34162";17535;"4644"
"LAZIO";"LATINA";"4";"Carriere dei magistrati";425306;207281;"131828";"67492";"94275";20428;"11822"
"LAZIO";"LATINA";"5";"Ordine dei giornalisti";425306;207281;"131625";"67352";"74617";39119;"12514"
"LAZIO";"LATINA";"7";"Ministero per le politiche agricole";425306;207281;"131559";"67322";"72479";42275;"11545"
"LAZIO";"LATINA";"3";"Caccia";425306;207281;"132141";"67612";"98868";21738;"7351"
"LAZIO";"LATINA";"2";"Obiezione di coscienza";425306;207281;"132084";"67597";"82117";35352;"9905"
"LAZIO";"LATINA";"1";"Privatizzazione";425306;207281;"131731";"67439";"83896";30439;"11865"
"LAZIO";"LATINA";"6";"Incarichi extragiudiziari dei magistrati";425306;207281;"131982";"67574";"98031";17882;"11045"
"PUGLIA";"LECCE";"1";"Privatizzazione";694157;331465;"172953";"86885";"101700";37554;"25566"
"PUGLIA";"LECCE";"2";"Obiezione di coscienza";694157;331465;"173235";"87002";"103076";41357;"21465"
"PUGLIA";"LECCE";"3";"Caccia";694157;331465;"173338";"87101";"127342";24699;"14927"
"PUGLIA";"LECCE";"4";"Carriere dei magistrati";694157;331465;"173069";"86948";"114229";25614;"25330"
"PUGLIA";"LECCE";"5";"Ordine dei giornalisti";694157;331465;"172776";"86760";"90516";47213;"26975"
"PUGLIA";"LECCE";"6";"Incarichi extragiudiziari dei magistrati";694157;331465;"173155";"87004";"118630";22402;"24518"
"PUGLIA";"LECCE";"7";"Ministero per le politiche agricole";694157;331465;"172706";"86705";"88892";51083;"24779"
"TOSCANA";"LIVORNO";"7";"Ministero per le politiche agricole";291298;138728;"75404";"38385";"41995";24715;"6621"
"TOSCANA";"LIVORNO";"1";"Privatizzazione";291298;138728;"75900";"38638";"46210";21106;"6522"
"TOSCANA";"LIVORNO";"2";"Obiezione di coscienza";291298;138728;"76641";"39026";"50419";20578;"4285"
"TOSCANA";"LIVORNO";"3";"Caccia";291298;138728;"75794";"38505";"55649";15006;"3681"
"TOSCANA";"LIVORNO";"4";"Carriere dei magistrati";291298;138728;"75907";"38675";"57282";10323;"6284"
"TOSCANA";"LIVORNO";"6";"Incarichi extragiudiziari dei magistrati";291298;138728;"76079";"38761";"60436";8356;"5470"
"TOSCANA";"LIVORNO";"5";"Ordine dei giornalisti";291298;138728;"75467";"38443";"43622";22707;"7106"
"TOSCANA";"LUCCA";"1";"Privatizzazione";333726;158834;"85995";"43054";"56450";20766;"7316"
"TOSCANA";"LUCCA";"2";"Obiezione di coscienza";333726;158834;"86912";"43446";"58977";21517;"5147"
"TOSCANA";"LUCCA";"3";"Caccia";333726;158834;"85913";"42834";"63701";17302;"4362"
"TOSCANA";"LUCCA";"4";"Carriere dei magistrati";333726;158834;"86136";"43081";"65495";12093;"7093"
"TOSCANA";"LUCCA";"5";"Ordine dei giornalisti";333726;158834;"85738";"42858";"50510";24788;"7746"
"TOSCANA";"LUCCA";"6";"Incarichi extragiudiziari dei magistrati";333726;158834;"86328";"43179";"68412";10408;"6321"
"TOSCANA";"LUCCA";"7";"Ministero per le politiche agricole";333726;158834;"85633";"42770";"50798";25868;"7502"
"MARCHE";"MACERATA";"3";"Caccia";255455;122979;"72085";"37000";"49113";14519;"5993"
"MARCHE";"MACERATA";"2";"Obiezione di coscienza";255455;122979;"72559";"37323";"43386";19698;"6815"
"MARCHE";"MACERATA";"4";"Carriere dei magistrati";255455;122979;"72307";"37195";"49726";10504;"8931"
"MARCHE";"MACERATA";"5";"Ordine dei giornalisti";255455;122979;"72104";"37076";"37125";21843;"9832"
"MARCHE";"MACERATA";"6";"Incarichi extragiudiziari dei magistrati";255455;122979;"72375";"37249";"51977";9082;"8324"
"MARCHE";"MACERATA";"7";"Ministero per le politiche agricole";255455;122979;"71970";"36992";"37244";22862;"8786"
"MARCHE";"MACERATA";"1";"Privatizzazione";255455;122979;"72218";"37147";"42843";17074;"9052"
"LOMBARDIA";"MANTOVA";"1";"Privatizzazione";316490;150230;"98524";"49567";"65472";21688;"9057"
"LOMBARDIA";"MANTOVA";"2";"Obiezione di coscienza";316490;150230;"98925";"49780";"65938";24304;"6830"
"LOMBARDIA";"MANTOVA";"3";"Caccia";316490;150230;"98664";"49585";"73177";18068;"5564"
"LOMBARDIA";"MANTOVA";"4";"Carriere dei magistrati";316490;150230;"98031";"49046";"75200";12037;"9027"
"LOMBARDIA";"MANTOVA";"5";"Ordine dei giornalisti";316490;150230;"98093";"49316";"58440";27045;"10211"
"LOMBARDIA";"MANTOVA";"7";"Ministero per le politiche agricole";316490;150230;"98207";"49386";"60753";26738;"8530"
"LOMBARDIA";"MANTOVA";"6";"Incarichi extragiudiziari dei magistrati";316490;150230;"98686";"49648";"77162";11029;"8371"
"TOSCANA";"MASSA-CARRARA";"7";"Ministero per le politiche agricole";178902;85254;"46969";"23842";"27277";13648;"4257"
"TOSCANA";"MASSA-CARRARA";"2";"Obiezione di coscienza";178902;85254;"47770";"24248";"31437";11444;"3067"
"TOSCANA";"MASSA-CARRARA";"3";"Caccia";178902;85254;"47450";"24052";"34796";8410;"1721"
"TOSCANA";"MASSA-CARRARA";"4";"Carriere dei magistrati";178902;85254;"47650";"24176";"35398";6169;"3919"
"TOSCANA";"MASSA-CARRARA";"5";"Ordine dei giornalisti";178902;85254;"47323";"24014";"27762";12927;"4511"
"TOSCANA";"MASSA-CARRARA";"6";"Incarichi extragiudiziari dei magistrati";178902;85254;"47764";"24238";"36909";5242;"3551"
"TOSCANA";"MASSA-CARRARA";"1";"Privatizzazione";178902;85254;"47515";"24132";"29968";11302;"4086"
"BASILICATA";"MATERA";"2";"Obiezione di coscienza";170617;83718;"44771";"23560";"27419";10082;"4416"
"BASILICATA";"MATERA";"7";"Ministero per le politiche agricole";170617;83718;"43250";"22746";"22640";14050;"4783"
"BASILICATA";"MATERA";"6";"Incarichi extragiudiziari dei magistrati";170617;83718;"44731";"23543";"30884";5858;"4847"
"BASILICATA";"MATERA";"5";"Ordine dei giornalisti";170617;83718;"44589";"23441";"23633";12169;"5493"
"BASILICATA";"MATERA";"3";"Caccia";170617;83718;"44873";"23647";"32746";6255;"3214"
"BASILICATA";"MATERA";"1";"Privatizzazione";170617;83718;"44685";"23496";"26009";10040;"5355"
"BASILICATA";"MATERA";"4";"Carriere dei magistrati";170617;83718;"44688";"23514";"29666";6736;"5045"
"SICILIA";"MESSINA";"5";"Ordine dei giornalisti";574183;274409;"172529";"88386";"81024";50301;"27896"
"SICILIA";"MESSINA";"1";"Privatizzazione";574183;274409;"172649";"88522";"94843";36891;"27056"
"SICILIA";"MESSINA";"7";"Ministero per le politiche agricole";574183;274409;"173101";"89091";"83298";48595;"27304"
"SICILIA";"MESSINA";"6";"Incarichi extragiudiziari dei magistrati";574183;274409;"172887";"88691";"107804";26287;"25932"
"SICILIA";"MESSINA";"4";"Carriere dei magistrati";574183;274409;"172864";"88673";"104751";28220;"26706"
"SICILIA";"MESSINA";"2";"Obiezione di coscienza";574183;274409;"173857";"88728";"95162";41585;"24139"
"SICILIA";"MESSINA";"3";"Caccia";574183;274409;"172848";"88639";"109342";31655;"20151"
"LOMBARDIA";"MILANO";"1";"Privatizzazione";3160357;1505444;"1211667";"599260";"870584";247246;"63053"
"LOMBARDIA";"MILANO";"2";"Obiezione di coscienza";3160357;1505444;"1218670";"602438";"837754";310370;"46113"
"LOMBARDIA";"MILANO";"7";"Ministero per le politiche agricole";3160357;1505444;"1205084";"595663";"796438";306497;"70121"
"LOMBARDIA";"MILANO";"5";"Ordine dei giornalisti";3160357;1505444;"1203003";"594817";"730672";362298;"77449"
"LOMBARDIA";"MILANO";"6";"Incarichi extragiudiziari dei magistrati";3160357;1505444;"1213189";"600199";"990951";136831;"56296"
"LOMBARDIA";"MILANO";"4";"Carriere dei magistrati";3160357;1505444;"1211310";"599084";"966471";151399;"62850"
"LOMBARDIA";"MILANO";"3";"Caccia";3160357;1505444;"1216171";"600786";"966156";186561;"39827"
"EMILIA-ROMAGNA";"MODENA";"7";"Ministero per le politiche agricole";523405;251510;"165215";"83490";"96509";48773;"16312"
"EMILIA-ROMAGNA";"MODENA";"5";"Ordine dei giornalisti";523405;251510;"165061";"83429";"92536";49963;"18550"
"EMILIA-ROMAGNA";"MODENA";"6";"Incarichi extragiudiziari dei magistrati";523405;251510;"166078";"83990";"127826";19800;"15017"
"EMILIA-ROMAGNA";"MODENA";"2";"Obiezione di coscienza";523405;251510;"167034";"84437";"110857";41896;"11291"
"EMILIA-ROMAGNA";"MODENA";"1";"Privatizzazione";523405;251510;"165738";"83804";"107738";37841;"16178"
"EMILIA-ROMAGNA";"MODENA";"3";"Caccia";523405;251510;"166706";"84202";"127147";27168;"9499"
"EMILIA-ROMAGNA";"MODENA";"4";"Carriere dei magistrati";523405;251510;"165826";"83868";"123385";22200;"16514"
"CAMPANIA";"NAPOLI";"7";"Ministero per le politiche agricole";2436975;1180654;"543059";"287477";"298036";177237;"45550"
"CAMPANIA";"NAPOLI";"1";"Privatizzazione";2436975;1180654;"543792";"287957";"329739";150340;"41457"
"CAMPANIA";"NAPOLI";"2";"Obiezione di coscienza";2436975;1180654;"545090";"288685";"357742";134873;"34199"
"CAMPANIA";"NAPOLI";"3";"Caccia";2436975;1180654;"544850";"288489";"400238";96422;"30431"
"CAMPANIA";"NAPOLI";"4";"Carriere dei magistrati";2436975;1180654;"544188";"288167";"376538";103828;"42720"
"CAMPANIA";"NAPOLI";"5";"Ordine dei giornalisti";2436975;1180654;"543545";"287766";"298207";179381;"44534"
"CAMPANIA";"NAPOLI";"6";"Incarichi extragiudiziari dei magistrati";2436975;1180654;"544614";"288462";"394425";89059;"41214"
"PIEMONTE";"NOVARA";"6";"Incarichi extragiudiziari dei magistrati";289914;137670;"109434";"54553";"84219";12853;"8754"
"PIEMONTE";"NOVARA";"4";"Carriere dei magistrati";289914;137670;"109310";"54492";"82123";13990;"9318"
"PIEMONTE";"NOVARA";"3";"Caccia";289914;137670;"109376";"54451";"80918";19324;"5971"
"PIEMONTE";"NOVARA";"5";"Ordine dei giornalisti";289914;137670;"108841";"54209";"61968";32295;"10554"
"PIEMONTE";"NOVARA";"1";"Privatizzazione";289914;137670;"109215";"54423";"75174";20738;"9280"
"PIEMONTE";"NOVARA";"2";"Obiezione di coscienza";289914;137670;"109677";"54656";"71851";27343;"7202"
"PIEMONTE";"NOVARA";"7";"Ministero per le politiche agricole";289914;137670;"108903";"54242";"67929";27742;"9409"
"SARDEGNA";"NUORO";"7";"Ministero per le politiche agricole";233569;115366;"41289";"20620";"22967";12705;"3939"
"SARDEGNA";"NUORO";"2";"Obiezione di coscienza";233569;115366;"41455";"20698";"26416";10282;"3293"
"SARDEGNA";"NUORO";"3";"Caccia";233569;115366;"41429";"20691";"30480";7731;"2071"
"SARDEGNA";"NUORO";"4";"Carriere dei magistrati";233569;115366;"41408";"20693";"29472";6368;"3880"
"SARDEGNA";"NUORO";"6";"Incarichi extragiudiziari dei magistrati";233569;115366;"41439";"20715";"30807";5388;"3601"
"SARDEGNA";"NUORO";"1";"Privatizzazione";233569;115366;"41335";"20647";"25569";9711;"4229"
"SARDEGNA";"NUORO";"5";"Ordine dei giornalisti";233569;115366;"41278";"20620";"22951";12141;"4420"
"VENETO";"PADOVA";"3";"Caccia";710361;341546;"315400";"157799";"245211";48702;"13987"
"VENETO";"PADOVA";"2";"Obiezione di coscienza";710361;341546;"314918";"157666";"210968";77845;"18648"
"VENETO";"PADOVA";"1";"Privatizzazione";710361;341546;"313350";"156932";"219938";59828;"24134"
"VENETO";"PADOVA";"4";"Carriere dei magistrati";710361;341546;"313690";"157130";"242124";37297;"24524"
"VENETO";"PADOVA";"7";"Ministero per le politiche agricole";710361;341546;"312605";"156534";"203946";77070;"23065"
"VENETO";"PADOVA";"5";"Ordine dei giornalisti";710361;341546;"312372";"156435";"182799";92718;"27754"
"VENETO";"PADOVA";"6";"Incarichi extragiudiziari dei magistrati";710361;341546;"311965";"156238";"249617";33928;"22325"
"SICILIA";"PALERMO";"2";"Obiezione di coscienza";1062491;511295;"295830";"157516";"175449";75281;"26029"
"SICILIA";"PALERMO";"3";"Caccia";1062491;511295;"295852";"157351";"203164";53394;"21806"
"SICILIA";"PALERMO";"6";"Incarichi extragiudiziari dei magistrati";1062491;511295;"295837";"157398";"196176";49668;"29848"
"SICILIA";"PALERMO";"5";"Ordine dei giornalisti";1062491;511295;"295507";"158125";"147791";94379;"32259"
"SICILIA";"PALERMO";"1";"Privatizzazione";1062491;511295;"295262";"157045";"173330";69498;"30186"
"SICILIA";"PALERMO";"7";"Ministero per le politiche agricole";1062491;511295;"294909";"156893";"150376";91480;"31761"
"SICILIA";"PALERMO";"4";"Carriere dei magistrati";1062491;511295;"295593";"157228";"188238";55939;"30690"
"EMILIA-ROMAGNA";"PARMA";"5";"Ordine dei giornalisti";348973;166697;"121348";"61449";"69806";35813;"12079"
"EMILIA-ROMAGNA";"PARMA";"3";"Caccia";348973;166697;"122083";"61740";"92060";21030;"6410"
"EMILIA-ROMAGNA";"PARMA";"2";"Obiezione di coscienza";348973;166697;"122637";"62097";"82800";29310;"7635"
"EMILIA-ROMAGNA";"PARMA";"1";"Privatizzazione";348973;166697;"121934";"61768";"82387";25392;"10455"
"EMILIA-ROMAGNA";"PARMA";"6";"Incarichi extragiudiziari dei magistrati";348973;166697;"122222";"61909";"95866";13355;"9572"
"EMILIA-ROMAGNA";"PARMA";"7";"Ministero per le politiche agricole";348973;166697;"121461";"61456";"72283";35365;"10436"
"EMILIA-ROMAGNA";"PARMA";"4";"Carriere dei magistrati";348973;166697;"122016";"61803";"92467";15523;"10429"
"LOMBARDIA";"PAVIA";"7";"Ministero per le politiche agricole";428749;202803;"162127";"80474";"100280";40512;"15364"
"LOMBARDIA";"PAVIA";"1";"Privatizzazione";428749;202803;"162610";"80781";"111541";29888;"15569"
"LOMBARDIA";"PAVIA";"2";"Obiezione di coscienza";428749;202803;"162890";"80936";"105836";39540;"12828"
"LOMBARDIA";"PAVIA";"3";"Caccia";428749;202803;"162388";"80688";"116131";31114;"10775"
"LOMBARDIA";"PAVIA";"4";"Carriere dei magistrati";428749;202803;"162647";"80808";"120632";21085;"15428"
"LOMBARDIA";"PAVIA";"5";"Ordine dei giornalisti";428749;202803;"161956";"80439";"92892";45173;"18102"
"LOMBARDIA";"PAVIA";"6";"Incarichi extragiudiziari dei magistrati";428749;202803;"162778";"80894";"123216";19327;"14827"
"UMBRIA";"PERUGIA";"1";"Privatizzazione";517884;248867;"115681";"59451";"71010";29747;"10185"
"UMBRIA";"PERUGIA";"2";"Obiezione di coscienza";517884;248867;"116520";"59852";"73804";31600;"7543"
"UMBRIA";"PERUGIA";"7";"Ministero per le politiche agricole";517884;248867;"114998";"59018";"59763";40865;"10220"
"UMBRIA";"PERUGIA";"4";"Carriere dei magistrati";517884;248867;"115932";"59595";"84972";16254;"9896"
"UMBRIA";"PERUGIA";"6";"Incarichi extragiudiziari dei magistrati";517884;248867;"116184";"59743";"89930";13754;"8675"
"UMBRIA";"PERUGIA";"5";"Ordine dei giornalisti";517884;248867;"115272";"59209";"63852";36094;"11115"
"UMBRIA";"PERUGIA";"3";"Caccia";517884;248867;"114991";"58847";"78901";26605;"6384"
"MARCHE";"PESARO E URBINO";"3";"Caccia";300997;146307;"76006";"39180";"55097";14435;"4305"
"MARCHE";"PESARO E URBINO";"1";"Privatizzazione";300997;146307;"76126";"39349";"48440";17294;"7472"
"MARCHE";"PESARO E URBINO";"2";"Obiezione di coscienza";300997;146307;"76699";"39642";"50934";18281;"5224"
"MARCHE";"PESARO E URBINO";"4";"Carriere dei magistrati";300997;146307;"76202";"39355";"55983";10062;"7215"
"MARCHE";"PESARO E URBINO";"6";"Incarichi extragiudiziari dei magistrati";300997;146307;"76308";"39443";"58291";8719;"6635"
"MARCHE";"PESARO E URBINO";"7";"Ministero per le politiche agricole";300997;146307;"75848";"39169";"42271";23535;"7277"
"MARCHE";"PESARO E URBINO";"5";"Ordine dei giornalisti";300997;146307;"75861";"39181";"42053";22855;"8115"
"ABRUZZO";"PESCARA";"4";"Carriere dei magistrati";270925;131437;"83268";"42540";"60288";11507;"7799"
"ABRUZZO";"PESCARA";"1";"Privatizzazione";270925;131437;"83181";"42478";"52880";18218;"8169"
"ABRUZZO";"PESCARA";"3";"Caccia";270925;131437;"83246";"42479";"62427";12867;"4975"
"ABRUZZO";"PESCARA";"5";"Ordine dei giornalisti";270925;131437;"83079";"42430";"47263";23622;"8284"
"ABRUZZO";"PESCARA";"6";"Incarichi extragiudiziari dei magistrati";270925;131437;"83351";"42580";"62619";10036;"7147"
"ABRUZZO";"PESCARA";"7";"Ministero per le politiche agricole";270925;131437;"82959";"42335";"46901";24438;"7972"
"ABRUZZO";"PESCARA";"2";"Obiezione di coscienza";270925;131437;"83415";"42595";"52876";20879;"6331"
"EMILIA-ROMAGNA";"PIACENZA";"2";"Obiezione di coscienza";238275;114202;"88241";"44048";"57329";21151;"7174"
"EMILIA-ROMAGNA";"PIACENZA";"1";"Privatizzazione";238275;114202;"88030";"43951";"58957";17334;"8639"
"EMILIA-ROMAGNA";"PIACENZA";"6";"Incarichi extragiudiziari dei magistrati";238275;114202;"88125";"44001";"67261";9709;"8220"
"EMILIA-ROMAGNA";"PIACENZA";"5";"Ordine dei giornalisti";238275;114202;"87662";"43728";"49332";25042;"149"
"EMILIA-ROMAGNA";"PIACENZA";"7";"Ministero per le politiche agricole";238275;114202;"87580";"43710";"52795";23321;"8670"
"EMILIA-ROMAGNA";"PIACENZA";"4";"Carriere dei magistrati";238275;114202;"88040";"43951";"66005";10374;"8625"
"EMILIA-ROMAGNA";"PIACENZA";"3";"Caccia";238275;114202;"87920";"43842";"62598";16645;"6209"
"TOSCANA";"PISA";"1";"Privatizzazione";328223;156598;"82860";"42015";"50029";22052;"8369"
"TOSCANA";"PISA";"3";"Caccia";328223;156598;"82859";"42054";"58507";17420;"5045"
"TOSCANA";"PISA";"4";"Carriere dei magistrati";328223;156598;"83370";"42498";"60733";11743;"8167"
"TOSCANA";"PISA";"5";"Ordine dei giornalisti";328223;156598;"82876";"42210";"45953";24860;"9169"
"TOSCANA";"PISA";"6";"Incarichi extragiudiziari dei magistrati";328223;156598;"83671";"42682";"64169";9711;"7289"
"TOSCANA";"PISA";"7";"Ministero per le politiche agricole";328223;156598;"82678";"42109";"44012";27285;"8548"
"TOSCANA";"PISA";"2";"Obiezione di coscienza";328223;156598;"84530";"43076";"53439";23194;"5751"
"TOSCANA";"PISTOIA";"7";"Ministero per le politiche agricole";232065;110404;"57382";"28735";"31885";17335;"6072"
"TOSCANA";"PISTOIA";"1";"Privatizzazione";232065;110404;"57669";"28913";"35928";13780;"5866"
"TOSCANA";"PISTOIA";"2";"Obiezione di coscienza";232065;110404;"58271";"29200";"37782";14644;"4189"
"TOSCANA";"PISTOIA";"3";"Caccia";232065;110404;"57522";"28760";"40254";11871;"3874"
"TOSCANA";"PISTOIA";"4";"Carriere dei magistrati";232065;110404;"57716";"28949";"42211";7712;"5747"
"TOSCANA";"PISTOIA";"6";"Incarichi extragiudiziari dei magistrati";232065;110404;"57862";"29042";"44000";6694;"5222"
"TOSCANA";"PISTOIA";"5";"Ordine dei giornalisti";232065;110404;"57429";"28764";"32182";16695;"6461"
"BASILICATA";"POTENZA";"7";"Ministero per le politiche agricole";356342;175509;"82844";"44119";"40586";25882;"11369"
"BASILICATA";"POTENZA";"2";"Obiezione di coscienza";356342;175509;"83181";"44321";"48629";19459;"10630"
"BASILICATA";"POTENZA";"3";"Caccia";356342;175509;"83112";"44267";"56968";13707;"8189"
"BASILICATA";"POTENZA";"4";"Carriere dei magistrati";356342;175509;"83026";"44251";"53020";13128;"12088"
"BASILICATA";"POTENZA";"5";"Ordine dei giornalisti";356342;175509;"82893";"44138";"42829";22448;"12656"
"BASILICATA";"POTENZA";"6";"Incarichi extragiudiziari dei magistrati";356342;175509;"83125";"44310";"54961";11887;"11501"
"BASILICATA";"POTENZA";"1";"Privatizzazione";356342;175509;"82911";"44168";"45883";19828;"12002"
"SICILIA";"RAGUSA";"3";"Caccia";243759;117697;"68234";"34891";"43789";12296;"7164"
"SICILIA";"RAGUSA";"2";"Obiezione di coscienza";243759;117697;"67865";"34722";"37522";16810;"8538"
"SICILIA";"RAGUSA";"7";"Ministero per le politiche agricole";243759;117697;"68152";"34847";"33165";19682;"9569"
"SICILIA";"RAGUSA";"5";"Ordine dei giornalisti";243759;117697;"68017";"34767";"32454";19567;"10309"
"SICILIA";"RAGUSA";"6";"Incarichi extragiudiziari dei magistrati";243759;117697;"68259";"34911";"42257";10657;"9629"
"SICILIA";"RAGUSA";"4";"Carriere dei magistrati";243759;117697;"68249";"34906";"40743";11681;"10051"
"SICILIA";"RAGUSA";"1";"Privatizzazione";243759;117697;"68103";"34879";"37948";14194;"9963"
"EMILIA-ROMAGNA";"RAVENNA";"3";"Caccia";306315;146470;"80056";"40518";"59195";14969;"4149"
"EMILIA-ROMAGNA";"RAVENNA";"7";"Ministero per le politiche agricole";306315;146470;"79513";"40250";"45279";24998;"6962"
"EMILIA-ROMAGNA";"RAVENNA";"6";"Incarichi extragiudiziari dei magistrati";306315;146470;"79962";"40523";"62261";9084;"6545"
"EMILIA-ROMAGNA";"RAVENNA";"5";"Ordine dei giornalisti";306315;146470;"78968";"39927";"43736";25032;"7718"
"EMILIA-ROMAGNA";"RAVENNA";"4";"Carriere dei magistrati";306315;146470;"79883";"40479";"60149";10330;"7131"
"EMILIA-ROMAGNA";"RAVENNA";"2";"Obiezione di coscienza";306315;146470;"80498";"40765";"53783";19930;"4979"
"EMILIA-ROMAGNA";"RAVENNA";"1";"Privatizzazione";306315;146470;"80000";"40424";"51052";19321;"7079"
"CALABRIA";"REGGIO CALABRIA";"1";"Privatizzazione";513978;249037;"91802";"48795";"50046";20676;"13010"
"CALABRIA";"REGGIO CALABRIA";"2";"Obiezione di coscienza";513978;249037;"92023";"48914";"53036";22631;"11046"
"CALABRIA";"REGGIO CALABRIA";"4";"Carriere dei magistrati";513978;249037;"91924";"48870";"58182";15654;"12040"
"CALABRIA";"REGGIO CALABRIA";"5";"Ordine dei giornalisti";513978;249037;"91761";"48763";"45935";27464;"13124"
"CALABRIA";"REGGIO CALABRIA";"6";"Incarichi extragiudiziari dei magistrati";513978;249037;"92002";"48899";"60466";14033;"11897"
"CALABRIA";"REGGIO CALABRIA";"7";"Ministero per le politiche agricole";513978;249037;"91264";"48476";"43542";30254;"12602"
"CALABRIA";"REGGIO CALABRIA";"3";"Caccia";513978;249037;"91731";"48745";"58601";18950;"9048"
"EMILIA-ROMAGNA";"REGGIO EMILIA";"2";"Obiezione di coscienza";368192;177122;"102745";"52603";"68364";25934;"6623"
"EMILIA-ROMAGNA";"REGGIO EMILIA";"7";"Ministero per le politiche agricole";368192;177122;"101610";"51985";"58413";31383;"9488"
"EMILIA-ROMAGNA";"REGGIO EMILIA";"6";"Incarichi extragiudiziari dei magistrati";368192;177122;"102220";"52369";"79057";12271;"8671"
"EMILIA-ROMAGNA";"REGGIO EMILIA";"5";"Ordine dei giornalisti";368192;177122;"101494";"51961";"57088";30949;"10991"
"EMILIA-ROMAGNA";"REGGIO EMILIA";"3";"Caccia";368192;177122;"102363";"52359";"76409";18601;"5615"
"EMILIA-ROMAGNA";"REGGIO EMILIA";"1";"Privatizzazione";368192;177122;"101928";"52211";"64479";25552;"9476"
"EMILIA-ROMAGNA";"REGGIO EMILIA";"4";"Carriere dei magistrati";368192;177122;"101999";"52257";"76419";13619;"9591"
"LAZIO";"RIETI";"4";"Carriere dei magistrati";125308;60317;"39069";"19964";"26033";6381;"4424"
"LAZIO";"RIETI";"5";"Ordine dei giornalisti";125308;60317;"38939";"19877";"20138";11830;"4791"
"LAZIO";"RIETI";"1";"Privatizzazione";125308;60317;"39003";"19914";"21702";10555;"4638"
"LAZIO";"RIETI";"2";"Obiezione di coscienza";125308;60317;"39158";"19986";"22214";11060;"3899"
"LAZIO";"RIETI";"6";"Incarichi extragiudiziari dei magistrati";125308;60317;"39128";"19975";"27048";5796;"4186"
"LAZIO";"RIETI";"7";"Ministero per le politiche agricole";125308;60317;"38801";"19806";"18418";14006;"4299"
"LAZIO";"RIETI";"3";"Caccia";125308;60317;"38992";"19895";"26230";8233;"2903"
"LAZIO";"ROMA";"6";"Incarichi extragiudiziari dei magistrati";3215950;1533304;"1064896";"536246";"825511";158295;"49760"
"LAZIO";"ROMA";"7";"Ministero per le politiche agricole";3215950;1533304;"1055696";"530941";"555028";406649;"59084"
"LAZIO";"ROMA";"5";"Ordine dei giornalisti";3215950;1533304;"1054532";"530477";"599605";361197;"59909"
"LAZIO";"ROMA";"4";"Carriere dei magistrati";3215950;1533304;"1058526";"532514";"782325";184178;"57457"
"LAZIO";"ROMA";"3";"Caccia";3215950;1533304;"1068753";"537328";"820329";191196;"32652"
"LAZIO";"ROMA";"2";"Obiezione di coscienza";3215950;1533304;"1071897";"538981";"669284";333263;"42729"
"LAZIO";"ROMA";"1";"Privatizzazione";3215950;1533304;"1065832";"536267";"634561";338072;"57836"
"VENETO";"ROVIGO";"7";"Ministero per le politiche agricole";211472;101088;"84178";"42663";"49111";22253;"9944"
"VENETO";"ROVIGO";"2";"Obiezione di coscienza";211472;101088;"84533";"42880";"52865";21133;"8036"
"VENETO";"ROVIGO";"3";"Caccia";211472;101088;"84558";"42831";"60445";15067;"6620"
"VENETO";"ROVIGO";"4";"Carriere dei magistrati";211472;101088;"84424";"42812";"59751";11350;"9913"
"VENETO";"ROVIGO";"5";"Ordine dei giornalisti";211472;101088;"84195";"42689";"46795";23203;"10765"
"VENETO";"ROVIGO";"6";"Incarichi extragiudiziari dei magistrati";211472;101088;"84506";"42883";"61734";10393;"9505"
"VENETO";"ROVIGO";"1";"Privatizzazione";211472;101088;"84356";"42777";"54687";16944;"9649"
"CAMPANIA";"SALERNO";"1";"Privatizzazione";900817;437919;"260420";"134197";"154953";61619;"32669"
"CAMPANIA";"SALERNO";"4";"Carriere dei magistrati";900817;437919;"260731";"134394";"174346";43411;"32266"
"CAMPANIA";"SALERNO";"7";"Ministero per le politiche agricole";900817;437919;"260239";"133989";"135515";82093;"31808"
"CAMPANIA";"SALERNO";"6";"Incarichi extragiudiziari dei magistrati";900817;437919;"260856";"134507";"180997";38733;"30939"
"CAMPANIA";"SALERNO";"3";"Caccia";900817;437919;"260897";"134491";"183911";45004;"22816"
"CAMPANIA";"SALERNO";"2";"Obiezione di coscienza";900817;437919;"260850";"134474";"159431";63227;"28537"
"CAMPANIA";"SALERNO";"5";"Ordine dei giornalisti";900817;437919;"260336";"134166";"139207";76531;"33712"
"SARDEGNA";"SASSARI";"1";"Privatizzazione";390826;191857;"98979";"49542";"63062";22283;"9580"
"SARDEGNA";"SASSARI";"2";"Obiezione di coscienza";390826;191857;"99099";"49387";"63243";24887;"7519"
"SARDEGNA";"SASSARI";"3";"Caccia";390826;191857;"99224";"49531";"71885";19096;"5315"
"SARDEGNA";"SASSARI";"4";"Carriere dei magistrati";390826;191857;"98235";"48703";"66633";15705;"8957"
"SARDEGNA";"SASSARI";"5";"Ordine dei giornalisti";390826;191857;"98637";"49151";"55036";29919;"9987"
"SARDEGNA";"SASSARI";"6";"Incarichi extragiudiziari dei magistrati";390826;191857;"98991";"49370";"73896";13590;"8178"
"SARDEGNA";"SASSARI";"7";"Ministero per le politiche agricole";390826;191857;"98690";"49105";"55061";30714;"9237"
"LIGURIA";"SAVONA";"2";"Obiezione di coscienza";251634;118263;"87780";"43036";"58405";20807;"5635"
"LIGURIA";"SAVONA";"1";"Privatizzazione";251634;118263;"87359";"42836";"58542";17626;"7609"
"LIGURIA";"SAVONA";"3";"Caccia";251634;118263;"87264";"42706";"65416";14655;"4514"
"LIGURIA";"SAVONA";"5";"Ordine dei giornalisti";251634;118263;"86959";"42610";"51105";23718;"8548"
"LIGURIA";"SAVONA";"6";"Incarichi extragiudiziari dei magistrati";251634;118263;"87531";"42931";"68552";9134;"6564"
"LIGURIA";"SAVONA";"7";"Ministero per le politiche agricole";251634;118263;"87058";"42657";"52994";23131;"7446"
"LIGURIA";"SAVONA";"4";"Carriere dei magistrati";251634;118263;"87415";"42863";"65947";10705;"7320"
"TOSCANA";"SIENA";"1";"Privatizzazione";216221;103224;"41871";"21722";"25547";10874;"4345"
"TOSCANA";"SIENA";"7";"Ministero per le politiche agricole";216221;103224;"41524";"21509";"21603";14577;"4265"
"TOSCANA";"SIENA";"6";"Incarichi extragiudiziari dei magistrati";216221;103224;"42147";"21883";"32897";4656;"3003"
"TOSCANA";"SIENA";"5";"Ordine dei giornalisti";216221;103224;"41585";"21546";"22976";12737;"4792"
"TOSCANA";"SIENA";"4";"Carriere dei magistrati";216221;103224;"41979";"21786";"31376";5444;"4114"
"TOSCANA";"SIENA";"3";"Caccia";216221;103224;"41324";"21293";"28113";9673;"2686"
"TOSCANA";"SIENA";"2";"Obiezione di coscienza";216221;103224;"42552";"22062";"27218";11476;"2959"
"SICILIA";"SIRACUSA";"5";"Ordine dei giornalisti";347745;170651;"93183";"48809";"49918";28086;"9510"
"SICILIA";"SIRACUSA";"6";"Incarichi extragiudiziari dei magistrati";347745;170651;"93290";"48873";"65671";13448;"8647"
"SICILIA";"SIRACUSA";"4";"Carriere dei magistrati";347745;170651;"93265";"48849";"63270";15197;"9094"
"SICILIA";"SIRACUSA";"3";"Caccia";347745;170651;"93318";"48881";"67682";14843;"5988"
"SICILIA";"SIRACUSA";"2";"Obiezione di coscienza";347745;170651;"93277";"48859";"57797";22665;"7605"
"SICILIA";"SIRACUSA";"1";"Privatizzazione";347745;170651;"93193";"48814";"58127";20081;"9077"
"SICILIA";"SIRACUSA";"7";"Ministero per le politiche agricole";347745;170651;"93128";"48774";"50996";27437;"9045"
"LOMBARDIA";"SONDRIO";"5";"Ordine dei giornalisti";152792;74344;"40620";"20671";"23948";10814;"4378"
"LOMBARDIA";"SONDRIO";"6";"Incarichi extragiudiziari dei magistrati";152792;74344;"40863";"20808";"31992";4187;"3384"
"LOMBARDIA";"SONDRIO";"4";"Carriere dei magistrati";152792;74344;"40835";"20784";"31325";4582;"3569"
"LOMBARDIA";"SONDRIO";"3";"Caccia";152792;74344;"40689";"20749";"29398";7799;"2491"
"LOMBARDIA";"SONDRIO";"2";"Obiezione di coscienza";152792;74344;"40973";"20850";"27538";9424;"2832"
"LOMBARDIA";"SONDRIO";"1";"Privatizzazione";152792;74344;"40814";"20776";"28297";7406;"3691"
"LOMBARDIA";"SONDRIO";"7";"Ministero per le politiche agricole";152792;74344;"40706";"20722";"26414";9326;"3605"
"PUGLIA";"TARANTO";"7";"Ministero per le politiche agricole";483501;233661;"128527";"68189";"67406";40551;"14667"
"PUGLIA";"TARANTO";"6";"Incarichi extragiudiziari dei magistrati";483501;233661;"128738";"68322";"89515";18958;"14505"
"PUGLIA";"TARANTO";"5";"Ordine dei giornalisti";483501;233661;"128535";"68188";"67515";39076;"15914"
"PUGLIA";"TARANTO";"4";"Carriere dei magistrati";483501;233661;"128697";"68287";"86010";21733;"15081"
"PUGLIA";"TARANTO";"3";"Caccia";483501;233661;"128786";"68328";"93623";20835;"9418"
"PUGLIA";"TARANTO";"2";"Obiezione di coscienza";483501;233661;"128789";"68347";"76917";34024;"12388"
"PUGLIA";"TARANTO";"1";"Privatizzazione";483501;233661;"128577";"68224";"77101";30540;"14613"
"ABRUZZO";"TERAMO";"2";"Obiezione di coscienza";252346;123889;"79295";"40926";"49389";18220;"8131"
"ABRUZZO";"TERAMO";"1";"Privatizzazione";252346;123889;"79153";"40854";"48530";16517;"9673"
"ABRUZZO";"TERAMO";"3";"Caccia";252346;123889;"79207";"40868";"56486";13011;"6548"
"ABRUZZO";"TERAMO";"5";"Ordine dei giornalisti";252346;123889;"79118";"40802";"44008";20681;"10481"
"ABRUZZO";"TERAMO";"6";"Incarichi extragiudiziari dei magistrati";252346;123889;"79200";"40913";"55860";10250;"9375"
"ABRUZZO";"TERAMO";"7";"Ministero per le politiche agricole";252346;123889;"79040";"40779";"43155";22290;"9802"
"ABRUZZO";"TERAMO";"4";"Carriere dei magistrati";252346;123889;"79194";"40884";"53940";11581;"9831"
"UMBRIA";"TERNI";"5";"Ordine dei giornalisti";192574;92033;"40801";"20991";"22624";12469;"3949"
"UMBRIA";"TERNI";"1";"Privatizzazione";192574;92033;"40844";"20993";"24848";10580;"3694"
"UMBRIA";"TERNI";"2";"Obiezione di coscienza";192574;92033;"41302";"21257";"25702";11560;"2565"
"UMBRIA";"TERNI";"4";"Carriere dei magistrati";192574;92033;"41080";"21154";"30601";5406;"3304"
"UMBRIA";"TERNI";"6";"Incarichi extragiudiziari dei magistrati";192574;92033;"41179";"21197";"31982";4690;"2744"
"UMBRIA";"TERNI";"7";"Ministero per le politiche agricole";192574;92033;"40681";"20909";"20953";14495;"3641"
"UMBRIA";"TERNI";"3";"Caccia";192574;92033;"40483";"20722";"27196";9597;"2286"
"PIEMONTE";"TORINO";"3";"Caccia";1899998;912454;"664044";"333234";"518372";104247;"23830"
"PIEMONTE";"TORINO";"1";"Privatizzazione";1899998;912454;"659700";"331305";"443836";148714;"42866"
"PIEMONTE";"TORINO";"2";"Obiezione di coscienza";1899998;912454;"663956";"333261";"441828";172044;"30738"
"PIEMONTE";"TORINO";"7";"Ministero per le politiche agricole";1899998;912454;"657448";"329979";"410391";179638;"43434"
"PIEMONTE";"TORINO";"6";"Incarichi extragiudiziari dei magistrati";1899998;912454;"660734";"331858";"516573";82745;"38897"
"PIEMONTE";"TORINO";"5";"Ordine dei giornalisti";1899998;912454;"657569";"330123";"382652";201900;"48458"
"PIEMONTE";"TORINO";"4";"Carriere dei magistrati";1899998;912454;"659512";"331211";"497638";94390;"43234"
"SICILIA";"TRAPANI";"5";"Ordine dei giornalisti";373435;179906;"98823";"51909";"46220";28958;"17148"
"SICILIA";"TRAPANI";"2";"Obiezione di coscienza";373435;179906;"99001";"52030";"53633";24327;"14792"
"SICILIA";"TRAPANI";"3";"Caccia";373435;179906;"98932";"51979";"61266";19236;"12716"
"SICILIA";"TRAPANI";"4";"Carriere dei magistrati";373435;179906;"98993";"52028";"58556";17363;"16469"
"SICILIA";"TRAPANI";"7";"Ministero per le politiche agricole";373435;179906;"98794";"51894";"45753";30185;"16257"
"SICILIA";"TRAPANI";"6";"Incarichi extragiudiziari dei magistrati";373435;179906;"99029";"52038";"61036";15626;"15992"
"SICILIA";"TRAPANI";"1";"Privatizzazione";373435;179906;"98904";"51956";"54609";21028;"16340"
"TRENTINO A.A.";"TRENTO";"2";"Obiezione di coscienza";391246;188432;"143317";"71743";"96086";33944;"9519"
"TRENTINO A.A.";"TRENTO";"7";"Ministero per le politiche agricole";391246;188432;"141671";"70913";"88423";35630;"13318"
"TRENTINO A.A.";"TRENTO";"1";"Privatizzazione";391246;188432;"142113";"71168";"92681";30715;"13798"
"TRENTINO A.A.";"TRENTO";"5";"Ordine dei giornalisti";391246;188432;"141734";"70968";"82346";39565;"15095"
"TRENTINO A.A.";"TRENTO";"4";"Carriere dei magistrati";391246;188432;"142281";"71278";"108621";16224;"12916"
"TRENTINO A.A.";"TRENTO";"6";"Incarichi extragiudiziari dei magistrati";391246;188432;"142466";"71388";"111535";15071;"11738"
"TRENTINO A.A.";"TRENTO";"3";"Caccia";391246;188432;"143010";"71681";"110099";22558;"7123"
"VENETO";"TREVISO";"4";"Carriere dei magistrati";658385;318104;"255172";"128957";"201802";28283;"18400"
"VENETO";"TREVISO";"5";"Ordine dei giornalisti";658385;318104;"254132";"128321";"157451";67914;"21777"
"VENETO";"TREVISO";"6";"Incarichi extragiudiziari dei magistrati";658385;318104;"255219";"128987";"206479";25739;"16689"
"VENETO";"TREVISO";"3";"Caccia";658385;318104;"255826";"129135";"203004";38411;"9480"
"VENETO";"TREVISO";"2";"Obiezione di coscienza";658385;318104;"255966";"129245";"173447";63239;"13516"
"VENETO";"TREVISO";"1";"Privatizzazione";658385;318104;"255025";"128801";"185898";44392;"18081"
"VENETO";"TREVISO";"7";"Ministero per le politiche agricole";658385;318104;"254542";"128565";"174140";57774;"17175"
"FRIULI VENEZIA G.";"UDINE";"3";"Caccia";479819;230454;"147763";"74238";"111841";26945;"6555"
"FRIULI VENEZIA G.";"UDINE";"6";"Incarichi extragiudiziari dei magistrati";479819;230454;"147612";"74429";"119715";15262;"9607"
"FRIULI VENEZIA G.";"UDINE";"4";"Carriere dei magistrati";479819;230454;"147466";"74264";"116615";16838;"10719"
"FRIULI VENEZIA G.";"UDINE";"7";"Ministero per le politiche agricole";479819;230454;"146683";"73883";"97386";35522;"10669"
"FRIULI VENEZIA G.";"UDINE";"2";"Obiezione di coscienza";479819;230454;"147838";"74409";"97218";39849;"8328"
"FRIULI VENEZIA G.";"UDINE";"1";"Privatizzazione";479819;230454;"147160";"74051";"103671";29531;"10596"
"FRIULI VENEZIA G.";"UDINE";"5";"Ordine dei giornalisti";479819;230454;"146629";"73834";"87401";42825;"12774"
"LOMBARDIA";"VARESE";"7";"Ministero per le politiche agricole";683998;326675;"268183";"133255";"178867";64235;"17319"
"LOMBARDIA";"VARESE";"6";"Incarichi extragiudiziari dei magistrati";683998;326675;"269305";"133915";"216049";30722;"15151"
"LOMBARDIA";"VARESE";"5";"Ordine dei giornalisti";683998;326675;"267724";"133005";"160432";79534;"19710"
"LOMBARDIA";"VARESE";"4";"Carriere dei magistrati";683998;326675;"269089";"133790";"211643";33287;"16532"
"LOMBARDIA";"VARESE";"3";"Caccia";683998;326675;"268962";"133555";"207039";45092;"10878"
"LOMBARDIA";"VARESE";"1";"Privatizzazione";683998;326675;"269050";"133765";"194843";49838;"16412"
"LOMBARDIA";"VARESE";"2";"Obiezione di coscienza";683998;326675;"269787";"134092";"180969";69747;"12693"
"VENETO";"VENEZIA";"3";"Caccia";713128;342249;"277043";"140010";"216543";42067;"11230"
"VENETO";"VENEZIA";"2";"Obiezione di coscienza";713128;342249;"276842";"139911";"187823";67040;"14255"
"VENETO";"VENEZIA";"4";"Carriere dei magistrati";713128;342249;"275555";"139341";"211282";35363;"19398"
"VENETO";"VENEZIA";"5";"Ordine dei giornalisti";713128;342249;"274672";"138770";"166108";76757;"21993"
"VENETO";"VENEZIA";"6";"Incarichi extragiudiziari dei magistrati";713128;342249;"276029";"139576";"202472";29599;"16234"
"VENETO";"VENEZIA";"7";"Ministero per le politiche agricole";713128;342249;"275437";"139661";"180296";65778;"19352"
"VENETO";"VENEZIA";"1";"Privatizzazione";713128;342249;"275361";"139235";"188715";57966;"18957"
"PIEMONTE";"VERCELLI";"6";"Incarichi extragiudiziari dei magistrati";156992;74787;"60118";"30171";"44608";7131;"5989"
"PIEMONTE";"VERCELLI";"7";"Ministero per le politiche agricole";156992;74787;"59910";"30048";"36779";14829;"5940"
"PIEMONTE";"VERCELLI";"5";"Ordine dei giornalisti";156992;74787;"59857";"29990";"33535";16613;"7191"
"PIEMONTE";"VERCELLI";"4";"Carriere dei magistrati";156992;74787;"60056";"30145";"43574";7674;"6389"
"PIEMONTE";"VERCELLI";"3";"Caccia";156992;74787;"60062";"30108";"43452";10572;"4136"
"PIEMONTE";"VERCELLI";"2";"Obiezione di coscienza";156992;74787;"60178";"30181";"38411";14554;"5162"
"PIEMONTE";"VERCELLI";"1";"Privatizzazione";156992;74787;"60023";"30116";"40278";10884;"6403"
"VENETO";"VERONA";"2";"Obiezione di coscienza";670664;322090;"260317";"130011";"178071";62019;"14762"
"VENETO";"VERONA";"3";"Caccia";670664;322090;"259854";"129629";"201092";41493;"12133"
"VENETO";"VERONA";"4";"Carriere dei magistrati";670664;322090;"259386";"129593";"204539";28663;"19594"
"VENETO";"VERONA";"5";"Ordine dei giornalisti";670664;322090;"259187";"129921";"160076";68924;"22361"
"VENETO";"VERONA";"6";"Incarichi extragiudiziari dei magistrati";670664;322090;"259715";"129775";"209767";25652;"17284"
"VENETO";"VERONA";"7";"Ministero per le politiche agricole";670664;322090;"258403";"129034";"170924";61423;"19561"
"VENETO";"VERONA";"1";"Privatizzazione";670664;322090;"259243";"129528";"186485";46587;"19359"
"VENETO";"VICENZA";"1";"Privatizzazione";646362;312301;"222840";"111582";"159614";39687;"16924"
"VENETO";"VICENZA";"5";"Ordine dei giornalisti";646362;312301;"222023";"110997";"134599";60796;"20292"
"VENETO";"VICENZA";"7";"Ministero per le politiche agricole";646362;312301;"223044";"111153";"147770";51620;"16283"
"VENETO";"VICENZA";"6";"Incarichi extragiudiziari dei magistrati";646362;312301;"223562";"111906";"180330";22196;"14934"
"VENETO";"VICENZA";"3";"Caccia";646362;312301;"222587";"111188";"162183";45216;"9960"
"VENETO";"VICENZA";"2";"Obiezione di coscienza";646362;312301;"224145";"112108";"150516";55576;"12380"
"VENETO";"VICENZA";"4";"Carriere dei magistrati";646362;312301;"223288";"111799";"175964";24126;"16736"
"LAZIO";"VITERBO";"6";"Incarichi extragiudiziari dei magistrati";241482;116914;"67043";"34543";"50533";7345;"6491"
"LAZIO";"VITERBO";"7";"Ministero per le politiche agricole";241482;116914;"66588";"34240";"35320";21842;"6953"
"LAZIO";"VITERBO";"5";"Ordine dei giornalisti";241482;116914;"66644";"34280";"38339";17599;"8004"
"LAZIO";"VITERBO";"4";"Carriere dei magistrati";241482;116914;"66943";"34480";"48670";8528;"7093"
"LAZIO";"VITERBO";"3";"Caccia";241482;116914;"67038";"34436";"50437";10697;"3999"
"LAZIO";"VITERBO";"2";"Obiezione di coscienza";241482;116914;"67210";"34552";"41534";17383;"5946"
"LAZIO";"VITERBO";"1";"Privatizzazione";241482;116914;"66942";"34385";"42367";14108;"7641"
"FRIULI VENEZIA G.";"TRIESTE";"2";"Obiezione di coscienza";225310;103928;"72234";"35062";"48589";19190;"3196"
"FRIULI VENEZIA G.";"TRIESTE";"3";"Caccia";225310;103928;"72646";"35237";"60752";8381;"2378"
"FRIULI VENEZIA G.";"TRIESTE";"4";"Carriere dei magistrati";225310;103928;"71826";"34898";"57737";8028;"4509"
"FRIULI VENEZIA G.";"TRIESTE";"5";"Ordine dei giornalisti";225310;103928;"71378";"34657";"43785";20755;"5174"
"FRIULI VENEZIA G.";"TRIESTE";"6";"Incarichi extragiudiziari dei magistrati";225310;103928;"71976";"34989";"59341";7018;"3970"
"FRIULI VENEZIA G.";"TRIESTE";"7";"Ministero per le politiche agricole";225310;103928;"71369";"34668";"46020";18337;"5261"
"FRIULI VENEZIA G.";"TRIESTE";"1";"Privatizzazione";225310;103928;"71753";"34838";"50350";15357;"4395"
"FRIULI VENEZIA G.";"PORDENONE";"5";"Ordine dei giornalisti";255226;123220;"80718";"41080";"50380";21684;"6648"
"FRIULI VENEZIA G.";"PORDENONE";"4";"Carriere dei magistrati";255226;123220;"81238";"41356";"64905";8885;"5605"
"FRIULI VENEZIA G.";"PORDENONE";"6";"Incarichi extragiudiziari dei magistrati";255226;123220;"81350";"41416";"66546";8164;"4933"
"FRIULI VENEZIA G.";"PORDENONE";"2";"Obiezione di coscienza";255226;123220;"81465";"41444";"55791";20021;"4131"
"FRIULI VENEZIA G.";"PORDENONE";"7";"Ministero per le politiche agricole";255226;123220;"80815";"41125";"54209";19266;"5488"
"FRIULI VENEZIA G.";"PORDENONE";"1";"Privatizzazione";255226;123220;"81129";"41273";"59247";14575;"5349"
"FRIULI VENEZIA G.";"PORDENONE";"3";"Caccia";255226;123220;"81192";"41269";"62474";14072;"3254"
"MOLISE";"ISERNIA";"6";"Incarichi extragiudiziari dei magistrati";91326;44627;"21393";"11237";"14450";2946;"3120"
"MOLISE";"ISERNIA";"7";"Ministero per le politiche agricole";91326;44627;"21252";"11152";"10879";6534;"3125"
"MOLISE";"ISERNIA";"5";"Ordine dei giornalisti";91326;44627;"21363";"11214";"11377";5644;"3427"
"MOLISE";"ISERNIA";"4";"Carriere dei magistrati";91326;44627;"21383";"11231";"13987";3277;"3116"
"MOLISE";"ISERNIA";"3";"Caccia";91326;44627;"21447";"11273";"14984";3520;"2134"
"MOLISE";"ISERNIA";"2";"Obiezione di coscienza";91326;44627;"21475";"11294";"12662";5035;"2841"
"MOLISE";"ISERNIA";"1";"Privatizzazione";91326;44627;"21339";"11209";"12424";4725;"3201"
"SARDEGNA";"ORISTANO";"2";"Obiezione di coscienza";134641;66568;"29599";"14794";"17787";7716;"2456"
"SARDEGNA";"ORISTANO";"3";"Caccia";134641;66568;"29517";"14742";"21282";5620;"1602"
"SARDEGNA";"ORISTANO";"4";"Carriere dei magistrati";134641;66568;"29546";"14774";"20768";4465;"2962"
"SARDEGNA";"ORISTANO";"5";"Ordine dei giornalisti";134641;66568;"29480";"14733";"15749";9023;"3367"
"SARDEGNA";"ORISTANO";"6";"Incarichi extragiudiziari dei magistrati";134641;66568;"29567";"14795";"21595";3974;"2724"
"SARDEGNA";"ORISTANO";"7";"Ministero per le politiche agricole";134641;66568;"29481";"14731";"16332";8955;"2878"
"SARDEGNA";"ORISTANO";"1";"Privatizzazione";134641;66568;"29500";"14737";"18487";6457;"3112"
"PIEMONTE";"BIELLA";"6";"Incarichi extragiudiziari dei magistrati";166129;78302;"66923";"32911";"50745";7434;"6056"
"PIEMONTE";"BIELLA";"4";"Carriere dei magistrati";166129;78302;"66872";"32885";"49729";7882;"6381"
"PIEMONTE";"BIELLA";"7";"Ministero per le politiche agricole";166129;78302;"66756";"32818";"42537";15001;"6393"
"PIEMONTE";"BIELLA";"5";"Ordine dei giornalisti";166129;78302;"66586";"32730";"37774";18432;"7418"
"PIEMONTE";"BIELLA";"2";"Obiezione di coscienza";166129;78302;"67081";"32988";"43596";16179;"4892"
"PIEMONTE";"BIELLA";"1";"Privatizzazione";166129;78302;"66897";"32902";"46891";10921;"6232"
"PIEMONTE";"BIELLA";"3";"Caccia";166129;78302;"67028";"32938";"50173";10523;"4036"
"CALABRIA";"CROTONE";"2";"Obiezione di coscienza";146029;72045;"21730";"12022";"13058";5040;"2739"
"CALABRIA";"CROTONE";"3";"Caccia";146029;72045;"21739";"12035";"14967";3790;"2154"
"CALABRIA";"CROTONE";"4";"Carriere dei magistrati";146029;72045;"21708";"12023";"13951";3614;"3157"
"CALABRIA";"CROTONE";"5";"Ordine dei giornalisti";146029;72045;"21700";"12011";"11452";5952;"3287"
"CALABRIA";"CROTONE";"6";"Incarichi extragiudiziari dei magistrati";146029;72045;"21721";"12024";"14412";3283;"3043"
"CALABRIA";"CROTONE";"7";"Ministero per le politiche agricole";146029;72045;"21704";"12014";"11084";6538;"3070"
"CALABRIA";"CROTONE";"1";"Privatizzazione";146029;72045;"21714";"12027";"12519";4876;"3295"
"LOMBARDIA";"LECCO";"3";"Caccia";252280;120913;"86013";"42260";"63098";16443;"4558"
"LOMBARDIA";"LECCO";"7";"Ministero per le politiche agricole";252280;120913;"85627";"42130";"55334";20510;"6860"
"LOMBARDIA";"LECCO";"6";"Incarichi extragiudiziari dei magistrati";252280;120913;"86056";"42377";"66946";10002;"6271"
"LOMBARDIA";"LECCO";"4";"Carriere dei magistrati";252280;120913;"85972";"42335";"65722";11056;"6760"
"LOMBARDIA";"LECCO";"2";"Obiezione di coscienza";252280;120913;"86505";"42549";"57417";22134;"4975"
"LOMBARDIA";"LECCO";"1";"Privatizzazione";252280;120913;"85908";"42285";"59732";16909;"6773"
"LOMBARDIA";"LECCO";"5";"Ordine dei giornalisti";252280;120913;"85431";"42015";"48665";26012;"8030"
"LOMBARDIA";"LODI";"1";"Privatizzazione";160435;77205;"61815";"31074";"41330";12740;"5402"
"LOMBARDIA";"LODI";"2";"Obiezione di coscienza";160435;77205;"62070";"31192";"40917";14992;"4236"
"LOMBARDIA";"LODI";"3";"Caccia";160435;77205;"61783";"30999";"43157";12681;"4008"
"LOMBARDIA";"LODI";"4";"Carriere dei magistrati";160435;77205;"61868";"31090";"45635";8569;"5409"
"LOMBARDIA";"LODI";"5";"Ordine dei giornalisti";160435;77205;"61523";"30892";"34956";17983;"6175"
"LOMBARDIA";"LODI";"6";"Incarichi extragiudiziari dei magistrati";160435;77205;"61927";"31120";"46566";7964;"5221"
"LOMBARDIA";"LODI";"7";"Ministero per le politiche agricole";160435;77205;"61623";"30950";"38160";15454;"5550"
"TOSCANA";"PRATO";"7";"Ministero per le politiche agricole";185934;89615;"45689";"23052";"26793";13335;"3798"
"TOSCANA";"PRATO";"1";"Privatizzazione";185934;89615;"45988";"23249";"29859";10733;"3557"
"TOSCANA";"PRATO";"5";"Ordine dei giornalisti";185934;89615;"45760";"23127";"31792";9985;"2644"
"TOSCANA";"PRATO";"6";"Incarichi extragiudiziari dei magistrati";185934;89615;"45995";"23260";"35373";5601;"3082"
"TOSCANA";"PRATO";"4";"Carriere dei magistrati";185934;89615;"45923";"23224";"27550";12661;"3867"
"TOSCANA";"PRATO";"3";"Caccia";185934;89615;"45935";"23182";"34117";7094;"3098"
"TOSCANA";"PRATO";"2";"Obiezione di coscienza";185934;89615;"46331";"23424";"30531";11982;"2453"
"EMILIA-ROMAGNA";"RIMINI";"7";"Ministero per le politiche agricole";228168;109904;"68740";"35058";"42094";19066;"5608"
"EMILIA-ROMAGNA";"RIMINI";"1";"Privatizzazione";228168;109904;"69007";"35206";"46771";14842;"5343"
"EMILIA-ROMAGNA";"RIMINI";"2";"Obiezione di coscienza";228168;109904;"69510";"35470";"48080";16083;"3697"
"EMILIA-ROMAGNA";"RIMINI";"3";"Caccia";228168;109904;"69137";"35216";"53523";10949;"3121"
"EMILIA-ROMAGNA";"RIMINI";"4";"Carriere dei magistrati";228168;109904;"69056";"35245";"53192";8572;"5314"
"EMILIA-ROMAGNA";"RIMINI";"5";"Ordine dei giornalisti";228168;109904;"68748";"35059";"39549";21202;"5985"
"EMILIA-ROMAGNA";"RIMINI";"6";"Incarichi extragiudiziari dei magistrati";228168;109904;"69149";"35319";"54633";7799;"4799"
"PIEMONTE";"VERB.-CUS.OSSOLA";"2";"Obiezione di coscienza";144492;69198;"46568";"23175";"31519";10914;"2689"
"PIEMONTE";"VERB.-CUS.OSSOLA";"3";"Caccia";144492;69198;"46520";"23141";"35713";7387;"2119"
"PIEMONTE";"VERB.-CUS.OSSOLA";"4";"Carriere dei magistrati";144492;69198;"46423";"23104";"35889";5251;"3547"
"PIEMONTE";"VERB.-CUS.OSSOLA";"5";"Ordine dei giornalisti";144492;69198;"46237";"23012";"27691";12473;"4268"
"PIEMONTE";"VERB.-CUS.OSSOLA";"6";"Incarichi extragiudiziari dei magistrati";144492;69198;"46467";"23131";"36663";4887;"3260"
"PIEMONTE";"VERB.-CUS.OSSOLA";"7";"Ministero per le politiche agricole";144492;69198;"46299";"23024";"30519";10402;"3696"
"PIEMONTE";"VERB.-CUS.OSSOLA";"1";"Privatizzazione";144492;69198;"46411";"23092";"32737";8367;"3240"
"CALABRIA";"VIBO VALENTIA";"4";"Carriere dei magistrati";156953;77332;"31048";"16634";"18128";5337;"5498"
"CALABRIA";"VIBO VALENTIA";"7";"Ministero per le politiche agricole";156953;77332;"30994";"16601";"14503";9105;"5330"
"CALABRIA";"VIBO VALENTIA";"5";"Ordine dei giornalisti";156953;77332;"30982";"16590";"14633";8491;"5579"
"CALABRIA";"VIBO VALENTIA";"3";"Caccia";156953;77332;"31035";"16623";"19447";5714;"4088"
"CALABRIA";"VIBO VALENTIA";"2";"Obiezione di coscienza";156953;77332;"31063";"16643";"16554";7638;"4908"
"CALABRIA";"VIBO VALENTIA";"6";"Incarichi extragiudiziari dei magistrati";156953;77332;"31051";"16635";"18838";4915;"5289"
"CALABRIA";"VIBO VALENTIA";"1";"Privatizzazione";156953;77332;"31017";"16616";"15858";7367;"5500"
